[
  {
    "name": "波浪",
    "photographer": "蚂蚁",
    "desc": "木落雁嗷嗷，洞庭波浪高",
    "picPath": "data/pic/pic-3.png"
  },
  {
    "name": "落日",
    "photographer": "蚂蚁",
    "desc": "长河落日圆",
    "picPath": "data/pic/pic-1.png"
  },
  {
    "name": "礁石",
    "photographer": "蚂蚁",
    "desc": "东临碣石，以观沧海",
    "picPath": "data/pic/pic-2.png"
  },
  {
    "name": "绿色a",
    "photographer": "ad",
    "desc": "啊",
    "picPath": "data/pic/屏幕截图 2023-10-23 160706-1699177660635.png"
  }
]